Location Description,Speed Limit,Reason Code(s),Geo Location (address),Geo Location (city),Geo Location (state),Geo Location (zip)
EB 144 Ave Btwn 62 - 57 Street,30,(f),,,,
SB 81 St between 89 - 86 Ave,30,(f),,,,
EB Whitemud Dr between 76 - 66 St,60,(g),,,,
SB 180 St S of 73 Ave - Willow Ct,30,(f),,,,
156 St NB between 92 - 94 Ave,50,"(a), (h)",,,,
38 St SB between 41 - 39 Ave,30,(f),,,,
107 St NB between 130 - 132 Ave,30,(f),,,,
82 St SB between 104 - 102 Ave,30,(f),,,,
WB 57 Ave btwn W Entrance of Lessard Dr - 175 St,30,(f),,,,
132 Ave WB between 83 - 85 St,50,"(a), (h)",,,,
44 Avenue EB between 49 St – Jackson Rd,50,(h),,,,
WB 132 Ave E of 69 - 72 St,30,(f),,,,
105 St NB between 97 - 98 Ave,50,(h),,,,
129 Ave WB between 129 - 131 St,30,(f),,,,
EB 101 Ave between 70 - 67 St,50,"(a), (h)",,,,
90 Ave EB between 73 - 71 St,60,(h),,,,
WB 127 Ave between 88 - 90 St,60,(h),,,,
170 St NB between 114 - 117 Ave,60,(c),,,,
Gateway Blvd NB - South of Anthony Henday Dr.,90,"(a), (b), (c)",,,,
SB 106 St Btwn 60A - 56 Ave,30,(f),,,,
NB 143 St btwn 53 - 56 Ave,30,(f),,,,
EB 80 Ave btwn 166 - 163 St,30,(f),,,,
Silverberry Rd SB btwn 32 - 29A Ave,50,(h),,,,
SB 58 St btwn 94 - 92B Ave,30,(f),,,,
EB 76 Ave btwn 106 - 105 St,30,(f),,,,
SB 172 St Btwn 64 Ave - N or Callingwood Rd,30,(f),,,,
SB 87 St btwn 79 - 77 Ave,30,(f),,,,
EB 76 Ave Btwn 156 - 154 St,30,(f),,,,
40 Ave EB between 119 - 117 St,30,(f),,,,
112 St SB between 68 - 65 Ave,30,(f),,,,
91 St SW SB between Ellwood Dr - Ellwood Rd,60,(h),,,,
NB Gateway Blvd at Ellerslie Road SW,90,"(a), (b), (c)",,,,
NB Millwooods Rd E between 17 - 18 Ave,30,(f),,,,
144 Ave EB between 77 -74 St,30,(f),,,,
54 St SB between 122 - 121 Ave,30,(f),,,,
EB Delwood Rd btwn 134B Ave - 73 St,30,(f),,,,
EB 97 A Ave Btwn 189 - 185 St,30,(f),,,,
57 Ave EB between 175 - 174 St,30,(f),,,,
50 St NB between 84 - 90 Ave,60,(h),,,,
Anthony Henday Dr EB at LeClair Way,100,(a),,,,
WB 53 Ave btwn Whitemud Dr - Riverbend Rd,30,(f),,,,
170 St NB between 109 - 110 Ave,60,"(b), (c), (h)",,,,
87 Ave EB between 154 - 152 St,60,(c),,,,
WB 84 Ave between 184 - 187 St,50,(h),,,,
137 Ave WB between 58 - 63 St,60,(b),,,,
Ottewell Rd between 92A - 93A Ave,40,(h),,,,
WB Kingsway Ave btwn Princess Eliz Ave-Airport Rd,60,(b),,,,
SB 104 St between 78 - 76 Ave,50,(c),,,,
WB 101 Ave between 63 - 70 St,50,"(a), (h)",,,,
SB 167 St S of 83 - 80 Ave,30,(f),,,,
38 Ave EB between 60A - 57 St,50,"(f), (h)",,,,
SB Scona Rd between 95A - 94 Ave,50,(h),,,,
118 Ave EB between 78 St - Wayne Gretzky Dr,50,"(b), (c)",,,,
EB Princess Elizabeth Ave between 106 - 102 St,50,(c),,,,
63 Ave EB between 127 - 126 St,30,(f),,,,
EB 129B Ave btwn 93 - 91 St,30,(f),,,,
WB Millwoods Rd S E of 74 - 80 St,30,(f),,,,
EB Dunluce Rd between Warwick Rd - 120 St,50,(h),,,,
129 Ave EB between 131 - 129 St,30,(f),,,,
EB Edwards Dr Sw between Easton Rd -  85 St SW,50,(h),,,,
42 Ave WB between 106 - 107 St,30,(f),,,,
WB 144 Ave between 57 - 62 St,30,(f),,,,
91 St SB between 63 - 58 Ave,60,(c),,,,
134 Ave EB between 134 - 13​2​A St,30,(f),,,,
NB 115 St btwn 46 - 48 Ave,30,(f),,,,
WB 129B Ave btwn 91 - 93 St,30,(f),,,,
NB 182 St N of 89 - 93 Ave,30,(f),,,,
EB Mill Woods Rd S between 80 - 74 St,30,(f),,,,
189 St NB between 59 Ave - Callingwood Rd,50,(h),,,,
91 St SB between 174 - 172 Ave,30,(f),,,,
Watt Blvd NB between 13 - 11 Ave SW,50,(h),,,,
WB Whitemud Dr at 50 St,80,"(a), (b), (c)",,,,
WB Lakewood Rd N between 82 - 85 St,30,(f),,,,
EB 144 Ave E of 92 St - 88A St,30,(f),,,,
EB 105 Ave btwn 139 - 136 St,30,(f),,,,
Anthony Henday Dr WB at Rabbit Hill Rd,100,"(a), (b), (c)",,,,
NB 96 St btwn 66 Ave - N of 68 Ave,30,(f),,,,
NB Riverbend Rd btwn 53 - 56 Ave,30,(f),,,,
113A St SB between 56 - 55 Ave,50,(h),,,,
44 St NB between Kulawy Dr N - Jackson Rd,50,(h),,,,
158 St NB between 79A - 83 Ave,30,(f),,,,
Yellowhead Trail at 7710 Yellowhead Tr.,70,(c),,,,
106 St NB between 56 - 60A Ave,30,(f),,,,
Anthony Henday Dr At St Albert Tr EB,100,(a),,,,
176 Ave EB between 104 - 99 St,50,(h),,,,
WB 40 Ave Btwn 115 A - 119 St,30,(f),,,,
NB 80 St N of Knottwood Rd S - Millwoods Rd S,30,(f),,,,
Fort Rd NB between Mount Lawn Rd - 122 Ave,50,(h),,,,
91 St SB between 23 Ave - Anthony Henday Dr,70,"(b), (c)",,,,
76 Ave WB between 173 - 176 St,30,(f),,,,
176 Ave WB between 97 - 100 St,50,(h),,,,
66 St NB between 144 - 149 Ave,60,(h),,,,
184 St NB between Lessard Rd - 52 Ave,50,(h),,,,
51 Ave EB between 122 - 116 St,50,(h),,,,
145 Ave WB east of 127 St,30,(f),,,,
132A Ave EB between 34 - 31 St,30,(f),,,,
SB 149 St between 84 Ave - Whitemud Dr,60,"(c), (h)",,,,
128 St SB between 123 - 122 Ave,30,(f),,,,
SB Lakewood Rd E btwn 71 St - 29 Ave,30,(f),,,,
162 Ave WB between 115 St - 161 Ave,30,(f),,,,
McLeod Rd WB between 57 - 59 St,30,(f),,,,
NB 95 St between 112 - 114 Ave,50,(h),,,,
SB Anthony Henday Dr btwn Manning Dr - 130 Ave,100,(a),,,,
WB Stony Plain Rd between 132 - 133 St,50,(h),,,,
Yellowhead Tr WB at 9320 Yellowhead Tr,70,"(b), (c)",,,,
Saddleback Rd EB between 27 Ave - 112 St,50,"(f), (h)",,,,
WB Delwood Rd btwn 73 St - 134B Ave,30,(f),,,,
78 Ave WB between 106 - 107 St,30,(f),,,,
54 Ave EB between 114 - 113A St,30,(f),,,,
SB 99 St between 91 - 89 Ave,50,(h),,,,
SB Windermere Rd btn Whitelaw Lane-Windermere Bvd,30,(f),,,,
124 Ave WB between 125 - 127 St,30,(f),,,,
Millwoods Rd S EB between 62 - 54 St,30,(f),,,,
134 Ave EB between 62 - 60,30,(f),,,,
NB Bulyea Rd Btwn Burley Dr - Burton Rd,30,(f),,,,
EB 114 Ave btwn 38 - 36 St,30,(f),,,,
82 Ave WB between 96 - 97 St,50,(c),,,,
SB 182 St between 93 - 89 Ave,30,(f),,,,
38 St SB between 20 - 19 Ave,30,(f),,,,
50 St NB between 102 - 104A Ave,50,"(c), (h)",,,,
57 Ave WB between 181 - 184 St,30,(f),,,,
EB 62 Ave between Getty Gate - 205 St,60,(h),,,,
SB 145 St btwn 89A - 88 Ave,30,(f),,,,
NB Saddleback Rd Btwn 25 - 27 Ave,30,(f),,,,
EB McConachie Dr Btwn McConachie Way - 58 St,30,(f),,,,
Towne Ctr Blvd SB btwn Tomlinson Way-Tompkins Wynd,50,(h),,,,
184 St SB between 66 - 62B Ave,30,(f),,,,
SB 95 St between 114 - 112 Ave,50,(h),,,,
Wayne Gretzky Dr NB - Capilano Bridge - Ada Blvd,80,(a),,,,
WB Castledowns Rd between 97 - 109 St,60,(h),,,,
EB Anthony Henday Dr between 66 St - Manning Dr,100,"(a), (b), (c)",,,,
SB 105 St between 20 - 19 Ave,50,(h),,,,
SB Bulyea Rd between Burton Rd - Buchanan Rd,30,(f),,,,
WB 162 Ave Btwn 54 A - 55 A St,30,(f),,,,
Whitemud Dr. at 91 St,80,(a),,,,
107 St NB between 47 - 51 Ave,30,(f),,,,
Anthony Henday Dr SB at Lessard Rd,100,(a),,,,
Whitemud Dr. at Rainbow Valley Bridge,80,(a),,,,
NB 182 St between 89 - 93 Ave,50,(h),,,,
NB 184 St - N of Dechene Rd - 57 Ave,30,(f),,,,
122 St NB between 51 - 62 Ave,60,(c),,,,
149A Ave EB between 77 - 76 St,30,(f),,,,
137 Ave EB between 136A - 136 St,60,(b),,,,
EB 95 Ave between 163 - 160 St,50,(c),,,,
127 Ave WB between 123 - 126 St,50,(c),,,,
WB Anthony Henday Dr between 18 - 66 St,100,"(a), (b), (c)",,,,
WB 161A Ave between 74 - 76 St,30,(f),,,,
EB 140 Ave Btwn 93 - 88 A St,30,(f),,,,
106 St SB between 107 St - 56 Ave,50,(h),,,,
107 St SB between 132 - 130 Ave,30,(f),,,,
SB 84 St between 105 - 102 Ave,50,"(a), (h)",,,,
WB 38 Ave W of 55 St - Grand Meadow Cres,30,(f),,,,
WB 179 Ave between 92 - 93 St,50,"(c), (h)",,,,
SB 165 St between 97 - 95 Ave,30,(f),,,,
114 St NB between 51 - 53 Ave,30,"(f), (h)",,,,
SB Fort Rd between 131 - 128 Ave,50,"(c), (h)",,,,
WB Stony Plain Rd between 178 - 182 St,60,(c),,,,
82 Ave WB between 87 - 89 St,50,(c),,,,
EB Mill Woods Rd S between 80 - 74 St,50,(h),,,,
NB 103 St W of 161 - S of 164 Ave,30,(f),,,,
156 St NB between 80 - 84 Ave,50,(h),,,,
NB Millwoods Rd between 23 - 28 Ave,50,(h),,,,
Silverberry Rd. btwn 24 - 29 St.,50,(h),,,,
Stanton Dr WB between 70 - 74 St,50,(h),,,,
135 St SB between 103 - 102 Ave,30,(f),,,,
WB Summerside Dr SW btn Shepard Ct-Summerside Gate,50,(h),,,,
101 St NB between 115 - 117 Ave,50,(b),,,,
107 St SB between 130 - 129 Ave,30,(f),,,,
EB 104 Ave btwn 161 - 159 St,30,(f),,,,
Anthony Henday Dr At Terwillegar Dr WB,100,(a),,,,
44 St NB between Kulawy Dr N - Jackson Rd,50,(h),,,,
114 St SB between 54A - 54 Ave,30,(h),,,,
114 St NB between 37 - 39 Ave,30,(f),,,,
36 Ave EB between Richfield Rd - 79 St,30,(f),,,,
EB 95 Ave between 170 - 167 St,50,(h),,,,
135 St NB between 102 - 103 Ave,30,(f),,,,
Lakewood Rd S EB between 81 - 79 St,30,(f),,,,
Yellowhead Tr EB east of Anthony Henday Dr,100,(a),,,,
36 Ave WB between 79 St - Richfield Rd,30,(f),,,,
NB Edwards Dr between 6 - 5 Ave SW,50,(h),,,,
WB 162 Ave btwn 115 - 375 M West of 115 St,30,(f),,,,
WB 11A Ave btwn 56 - 60 St,30,(f),,,,
WB 95 Ave between 167 - 170 St,50,(b),,,,
NB 106 St between 45 - 47 Ave,30,(f),,,,
78 Ave EB between Patricia Dr - 162 St,30,(f),,,,
NB 62 St btwn 144 - 145 Ave,30,(f),,,,
Fort Rd NB between 71 - 68 St,50,(h),,,,
EB 38 Ave btwn Grand Meadow Cres - W of 55 St,30,(f),,,,
EB 63 Ave Btwn 127 - 124 St,30,(f),,,,
EB 134 Ave between 43 - 42 St,30,(f),,,,
100 St. SB btwn 160 - 157 Ave.,50,(h),,,,
4 Ave SW btwn 52 -50 St  EB,50,(h),,,,
168 St SB between 92 – 90 Ave,50,"(f), (h)",,,,
NB 101 St between 107A - 108 Ave,50,(h),,,,
WB 127 Ave between 92 - 93 St,60,(h),,,,
NB 84 St between 102 - 105 Ave,50,"(a), (h)",,,,
EB 102 Ave between 138 - 137 St,50,(h),,,,
Millwoods Rd EB between 91 - 87 St,30,(f),,,,
McQueen Rd WB between 142 - 146 St,30,(f),,,,
Whitemud Dr EB at 111 St.,80,(a),,,,
Rutherford Rd SB btwn Rutherford Pt - 17A Ave SW,30,(f),,,,
48 St SB between 18A - 17A Ave,30,(f),,,,
WB 109A Ave Btwn 135-139 St,30,(f),,,,
NB 117 St Btwn 142 - 144 Ave,30,(f),,,,
NB 66 St between 132 - 134 Ave.,50,(h),,,,
106 St SB between 60A - 56 Ave,30,(f),,,,
Whitemud Dr. at Rainbow Valley Bridge,80,(a),,,,
SB 50 St between 124 - 122 Ave,50,(h),,,,
Anthony Henday Dr WB at 17 St,100,(a),,,,
EB 109A Ave Btwn 139 - 135 St,30,(f),,,,
EB 40 Ave E of Granlea Crescent - 57 St,30,(f),,,,
Tamarack Green WB between 13 St - Tamarack Rd,30,(f),,,,
113A St NB between 130 - 132 Ave,50,(h),,,,
EB Millwoods Rd S btwn E of 62 St - W of 54 St,30,(f),,,,
NB Woodvale Rd btwn 58 St - 35 Ave,30,(f),,,,
Anthony Henday Dr. east of 34 St.,100,(a),,,,
132 Ave EB between 72 - 68 St,50,"(a), (h)",,,,
WB Whitemud Dr between 50 - 75 St,50,(g),,,,
112 St NB between 65 - 68 Ave,30,(f),,,,
66 St NB between 159 -161 Ave,60,(c),,,,
NB Mill Woods Rd btwn 28 Ave - S of Lakewood Rd N,30,(f),,,,
WB 114 Ave between 46 - 48 St,50,(h),,,,
144 Ave EB between 94 - 92 St,50,"(a), (f), (h)",,,,
184 St SB between 60 - 57 Ave,50,(h),,,,
Millwoods Rd S WB btwn 69 St - Knottwood Rd E,50,(h),,,,
Yellowhead Tr EB at 215 St,100,"(a), (b), (c)",,,,
110 Ave WB between 159 - 160A St,30,(f),,,,
118 St NB between 129 - 130 Ave,30,(f),,,,
WB 86 Ave btwn 64 - 68A St,30,(f),,,,
WB 134 Ave between 42 - 43 St,30,(f),,,,
163 St NB between 89 - 93 Ave,50,"(b), (h)",,,,
142 St NB between Valleyview Dr - 95 Ave,60,"(c), (h)",,,,
NB Ottewell Rd btwn 94 - 94B Ave,30,(f),,,,
142 Ave WB between 122 - 127 St,50,(h),,,,
Griesbach Rd EB btwn 103 St-Griesbach School Rd,30,(f),,,,
82 St NB between 102 - 104 Ave,30,(f),,,,
131 St SB between 122B - 122A Ave,30,(f),,,,
EB Ellerslie Rd btwn James Mowatt Tr SW-Calgary Tr,60,(h),,,,
84 Ave EB between 156 - 154 St,30,(f),,,,
Riverbend Rd NB between 43 - 45 Ave,50,(h),,,,
12 Ave EB between 113 - 111 St,50,"(f), (h)",,,,
121 St NB between Kingsway Ave - Yellowhead Tr,60,(c),,,,
Whitemud Dr SB @ Quesnell Bridge,80,(a),,,,
64 Ave EB between 177 - 172 St,30,(f),,,,
106 St NB between 45 - 48 Ave,50,(c),,,,
SB Saddleback Rd btwn 27-25 Ave,30,(f),,,,
NB 102 St btwn 114 - 116 Ave,30,(f),,,,
SB 143 St btwn 56 - 53 Ave,30,(f),,,,
91 Ave WB between 154 - 155 St,30,(f),,,,
Millwoods Rd between 29 Ave - Lakewood Rd N,50,"(f), (h)",,,,
51 Ave WB between 116 - 122 St,50,(h),,,,
90 Ave EB between 58 - 57 St,60,(h),,,,
76 Ave EB between 114 - 113 St,30,(f),,,,
74 Ave WB between 115 - 118 St,30,(f),,,,
Anthony Henday Dr WB at Whitemud Creek,100,"(a), (b), (c)",,,,
EB 86 Ave btwn 68A - 64 St,30,(f),,,,
44 Avenue WB between Jackson Rd – 49 St,50,(h),,,,
NB 44 St between 39 - 41 Ave,50,(h),,,,
AHD EB @ Ray Gibbon Dr,100,"(a), (b), (c)",,,,
Anthony Henday Dr At Terwillegar Dr EB,100,(a),,,,
142 Ave EB between 24 - 23 St,30,(f),,,,
SB 156 St Between 84 - North of 81 Ave,30,(f),,,,
EB Cumberland Rd btwn 138 - 134 St,50,(h),,,,
36 Ave EB between 78 St - Millwoods Rd,30,(f),,,,
Ottewell Rd between 95 - 96A Ave,40,(h),,,,
EB 137 Ave between 63 - 61 St,60,(h),,,,
117 St NB between 102 - 103 Ave,30,(f),,,,
50 St SB between Fulton Rd - 101A Ave,50,"(c), (h)",,,,
NB 76 St btwn 38 Ave south of 40 Ave,30,(f),,,,
SB Parsons Rd SW btwn Anth Hend Dr-Ellerslie Rd SW,60,(h),,,,
EB 114 Ave btwn 104 - 102 St,30,(f),,,,
SB 48 St btwn 32 - 28 Ave,30,(f),,,,
WB 144 Ave Btwn 57 - 62 St,30,(f),,,,
WB Hemmingway Rd Btwn 201-204 St,30,(f),,,,
132 Ave WB between 119 - 121 St,50,"(b), (h)",,,,
WB 51 Ave Btwn 123 - 124 St,30,(f),,,,
Anthony Henday Dr WB at 184 St,100,(a),,,,
WB 121 Ave btwn W of 45 St - 48 St,30,(f),,,,
NB 159 St between Whitemud Dr - 87 Ave,60,"(c), (h)",,,,
135 Ave WB between 92 - 94 St,30,(f),,,,
Saddleback Rd WB between 111 St - 27 Ave,50,(h),,,,
EB 93A Ave btwn 67A St - 58 St,30,(f),,,,
Stony Plain Rd EB at 133 St,50,"(b), (h)",,,,
NB 48 St btwn 28 - 32 Ave,30,(f),,,,
Anthony Henday Dr EB west of Whitemud Creek,100,(a),,,,
Anthony Henday Dr  EB at 34 St,100,"(a), (b), (c)",,,,
EB Millwoods Rd S Btwn 80-74 St,30,(f),,,,
Rabbit Hill Rd NB between Leger Blvd-Ogilvie Blvd,60,"(a), (h)",,,,
Hermitage Rd WB between Henry Ave - 40 St,30,(f),,,,
143 St SB between 92 - 91 Ave,30,(f),,,,
145 Ave EB east of 127 St,30,(f),,,,
"Groat Rd SB, S of 107 Ave-Victioria Pk Rd",50,"(b), (c), (h)",,,,
34 St SB between Abbottsfield Rd - 120 Ave,30,(f),,,,
SB 95 St Btwn 174 - N of 171 Ave,30,(f),,,,
SB 118 St S of 152 - N of 145 Ave,30,(f),,,,
Silver Berry Rd btwn 21 - 20 St,50,(h),,,,
32A Ave between 106 - 108 St WB,30,(f),,,,
57 Ave EB between 113B - 113A St,30,(h),,,,
108 Ave WB between 102 - 103 St,30,(f),,,,
NB Leger Way btwn Leger Road - Lawrence Court,30,(f),,,,
97 St NB between 66 - 68 Ave,30,(f),,,,
WB Buena Vista Rd between 138 - 142 St,50,(h),,,,
SB Ottewell Rd btwn 94B - 94 Ave,30,(f),,,,
SB 102 St between 116 - 114 Ave,30,(f),,,,
129 Ave WB between 66 - 68 St,30,(f),,,,
WB 95 Ave Between 158 St. - 160 St.,50,(c),,,,
59A St NB between 159 - 159A Ave,30,(f),,,,
SB 117 St Btwn 144 - 142 Ave,30,(f),,,,
EB Blackmud Crk Dr SW btn James Mowatt Tr-Baker Close,30,(f),,,,
SB 97 St Btwn 75 - N of 73 Ave,30,(f),,,,
165 St SB between 95 - 93 Ave,30,(f),,,,
WB Lakewood Rd N Btwn 80 St - 31 Ave,30,(f),,,,
91 Ave EB between 167 - 165 St,30,(f),,,,
NB 189 St between 87 - 93 Ave,50,(h),,,,
107 Ave WB between 144 - 149 St,60,"(c), (h)",,,,
66 St SB between 149 - 144 Ave,60,(h),,,,
WB Ellerslie Rd SW between Calgary Tr - 109 St SW,60,(h),,,,
91 Ave WB between 165 - 167 St,30,(f),,,,
EB 102 Ave between 136 St - St Georges Cresc,50,(h),,,,
SB Leger Way btwn Lawrence Court - Leger Road,30,(f),,,,
154 St NB between 105 - 106 Ave,30,(f),,,,
SB 76 St btwn south of 40 Ave - 38 Ave,30,(f),,,,
44 St SB between Jackson Rd - Kulawy Dr N,50,(h),,,,
WB 139 Ave btwn 30 - 34 St,30,(f),,,,
142 St SB between 106 - 104 Ave,50,"(a), (h)",,,,
WB Mill Woods Rd S between 74 - 80 St,30,(f),,,,
NB Lewis Estates Bvd btn Potter Grn - Suder Grn Dr,60,(h),,,,
NB 142 St N of 80 - 85 Ave,30,(f),,,,
109 St NB between 108 – 110 Ave,50,"(a), (b), (f), (h)",,,,
107 St NB between 129 - 130 Ave,30,(f),,,,
WB Lakewood Rd S btwn 79 - 83 St,30,(f),,,,
SB Bellamy Hill between MacDonald Dr - 103 St,50,(h),,,,
38 Avenue WB between 41 – 44 Street,50,(h),,,,
SB 106 St btwn 40 - 36A Ave,30,(f),,,,
Yellowhead Trail at 50 St,80,(c),,,,
SB 142 St Btwn 85 - N of 80 Ave,30,(f),,,,
SB 182 St Btwn 87 - N of 84 Ave,30,(f),,,,
40 Ave WB between 115A - 119 St,30,(f),,,,
98 Ave EB btwn Ottewell Rd - 67A St,60,"(a), (h)",,,,
WB 43 Ave W of 111 - 114 St,30,(f),,,,
WB 40 Ave between 107 - 111 St,50,"(b), (c), (f), (h)",,,,
WB 132 Ave btwn 86 - 88 St,30,(f),,,,
145 Ave EB between 117 - 114A St,50,(h),,,,
EB 144 Ave between 74 - 69 St,30,(f),,,,
80 Ave WB between 97 - 98 St,30,(f),,,,
76 Ave WB between 85 - 87 St,40,"(a), (h)",,,,
Anthony Henday Dr WB at 91 St,100,"(a), (b), (c)",,,,
101 St SB between 117 - 115 Ave,50,"(b), (c)",,,,
91 St NB between Anthony Henday Dr - 23 Ave,70,"(b), (c)",,,,
WB 91 Ave Btwn 143 - 145 St,30,(f),,,,
WB 92 Ave Btwn 159 St - E of 163 St,30,(f),,,,
NB 90 St Btwn 132 - 135 Ave,30,(f),,,,
19A Ave EB between 57 - 56 St,30,(f),,,,
WB 110 Ave Btwn 159-161 St,30,(f),,,,
NB Rabbit Hill Rd NW btwn Leger Blvd - Oakes Gate,60,(h),,,,
NB 156 St N of 81 - 84 Ave,30,(f),,,,
Saddleback Rd NB between 25 - 27 Ave,30,(f),,,,
94B Ave WB btwn 61 - 68 St,40,(h),,,,
131 Ave EB between 119 - 117 St,30,(f),,,,
79 St SB between 95 - 94 Ave,30,(f),,,,
50 St SB between Matheson Way - 146 Ave,60,(h),,,,
NB 58 St between 92A - 93A Ave,30,(f),,,,
WB 76 Ave between 112 - 114 St,30,(f),,,,
130 Ave EB between 78 - 75 St,30,(f),,,,
SB 101 St between 108 - 107A Ave,50,(h),,,,
170 St NB between 114 - 117 Ave,60,"(b), (c)",,,,
Whitemud Dr WB west of 91 St,80,(a),,,,
WB 95 Ave Btwn 87-90 St,30,(f),,,,
Kirkness Rd EB between 31 St - 148 Ave,30,(f),,,,
108 Ave EB between 103 - 102 St,30,(f),,,,
Edwards Dr SB between 83 St SW - 6 Ave SW,50,(h),,,,
SB 62 St btwn 145 - 144 Ave,30,(f),,,,
140 Ave WB between 88A - 90 St,30,(f),,,,
NB 149 St. Between 80 - 84 Ave,60,(h),,,,
Sask Dr EB between 107 -105 St,50,(h),,,,
46 St SB between 106 - 105A Ave,30,(f),,,,
NB 87 St btwn 77 - 79 Ave,30,(f),,,,
NB 23 St N of 139 - 142 Ave,30,(f),,,,
79 St NB between 93A - 95 Ave,50,(h),,,,
NB 99 St between 89 - 91 Ave,50,(h),,,,
NB 139 St Btwn 115 - 116 Ave,30,(f),,,,
63 Ave WB between 126 - 127 St,30,(f),,,,
SB 163 St between 99 - 96A Ave,50,(b),,,,
WB 40 Ave between 115 - 117 St,50,"(c), (f), (h)",,,,
Anthony Henday Dr WB at 111 St,100,(a),,,,
Knottwood Rd S WB between 75 - 77 St,30,(f),,,,
SB 165 St btwn N of 97 - 95 Ave,30,(f),,,,
Millwoods Rd E SB between 38 - 36 Ave,30,(f),,,,
Silver Berry Rd btwn 29A - 32 Ave,50,(h),,,,
Anthony Henday Dr WB at 50 St,100,(a),,,,
127 St NB between 135 - 137 Ave,50,(b),,,,
41 Ave between 97-92 St,50,"(c), (h)",,,,
135 Ave EB between 38 - 34 St,30,(f),,,,
40 St SB between 137 - 132 Ave,50,(h),,,,
NB 58 St btwn 92B - 94 Ave,30,(f),,,,
WB Beaumaris Rd W of 161 Ave - 109 St,30,(f),,,,
66 St SB north of 167 Ave,60,(c),,,,
EB Cumberland Rd btwn 139 St - W of 134 St,30,(f),,,,
Yellowhead Tr WB at Clover Bar Bridge,100,"(a), (h)",,,,
Whitemud Dr WB east of 17 St,80,"(b), (c)",,,,
SB Bulyea Rd Btwn Burton Rd - Buchanan Rd,30,(f),,,,
WB 82 Ave between 91 - 95A St,50,"(c), (h)",,,,
93 Ave EB between 180 - 179 St,30,(f),,,,
130 Ave WB between 75 - 78 St,30,(f),,,,
113A St SB between 132 - 130 Ave,50,(h),,,,
97 St SB between 68 - 66 Ave,30,(f),,,,
NB Capilano St Btwn 107 Ave - 65 St,30,(f),,,,
NB Hemingway Rd Btwn Hardy Pt - S of Hodgins Rd,30,(f),,,,
Taylor Grn NB btn Terwillegar Comm-Towne Ctr Blvd,30,(f),,,,
107 St SB between 51 - 47 Ave,30,(f),,,,
144 Ave EB between 63 - 61 St,50,"(f), (h)",,,,
NB 50 St between Brintnell Blvd - 165 Ave,60,(h),,,,
95 Ave EB between 154 - 152 St,50,"(f), (h)",,,,
Anthony Henday Dr SB at Callingwood Rd (62 Ave),100,(a),,,,
Anthony Henday Dr WB at 34 St,100,"(a), (b), (c)",,,,
WB 114 Ave btwn 102 - 104 St,30,(f),,,,
72 St SB between 149A - 149 Ave,30,(f),,,,
SB Hemingway Rd S of 59 Ave - Hardy Pt,30,(f),,,,
EB 132 Ave between 113A - 109 St,30,(f),,,,
38 St NB between 19 - 20 Ave,30,(f),,,,
WB 93A Ave btwn 58 St - 67A St,30,(f),,,,
51 Ave EB between 114 - 112 St,50,(h),,,,
WB 106 Ave between 65 - 67 St,50,(h),,,,
137 Ave EB between 79 - 74 St,60,(b),,,,
NB Anthony Henday Dr btwn 153 Ave - Manning Dr,100,(a),,,,
128 Ave WB between 45 - 46 St,30,(f),,,,
WB 107 Ave between 107A Ave - 34 St,30,(h),,,,
76 Ave WB between 173 - 176 St,50,(h),,,,
WB 84 Ave between 184 - 187 St,50,(h),,,,
Anthony Henday Dr EB at 66 St,100,(a),,,,
Hemingway Rd NB between Hardy Point - 59 Ave,30,(f),,,,
SB 54 St Btwn 122-121 Ave,30,(f),,,,
NB 97 St between 115 -117 Ave,50,(b),,,,
NB Groat Rd btwn Victoria Park Rd - 107 Ave,50,(c),,,,
Anthony Henday Dr SB south of 100 Ave,100,"(a), (b), (c)",,,,
Silver Berry Rd btwn 32 - 29A Ave,50,(h),,,,
144 Ave WB between 54 - 57 St,50,"(f), (h)",,,,
139 St SB between 109A - 109 Ave,30,(f),,,,
EB 161A Ave btwn 76 - 74 St,30,(f),,,,
Rutherford Rd SW NB btwn 16 - 14 Ave SW,30,(f),,,,
WB 80 Ave btwn 163 - 166 St,30,(f),,,,
170 St NB between 109 - 110 Ave,60,"(b), (c)",,,,
EB Kirkness Rd Btwn 31 St - 151 Ave,30,(f),,,,
142 St NB between 80 - 85 Ave,30,(f),,,,
NB 106 St between 56 Ave - 107 St,50,(h),,,,
Anthony Henday Dr – N of Callingwood Rd NB,100,(a),,,,
Silver Berry Road between 29 - 32 St,50,(h),,,,
119 St NB between 134 - 135 Ave,30,(f),,,,
117 St SB between 41 - 40 Ave,30,(f),,,,
135 Ave WB between 34 - 38 St,30,(f),,,,
Rhatigan Rd E NB btwn Rehwinkel Rd - Riverbend Rd,30,(f),,,,
118 Ave EB between 87 - 85 St,50,(h),,,,
McLeod Rd EB between 59 - 57 St,30,(f),,,,
WB Stony Plain Rd between 180 - 182 St,60,(a),,,,
WB 130 Ave W of 75 - 78 St,30,(f),,,,
139 Ave WB between 117 - 119 St,50,(h),,,,
50 St NB between Eleniak Rd - 68 Ave,60,"(a), (h)",,,,
SB 97 St between 116 - 114 Ave,50,(b),,,,
Silver Berry Rd WB between 24 - 32 St,50,(h),,,,
Stony Plain Rd WB between 133 - 134 St,50,"(b), (h)",,,,
107 Ave WB between 136 - 139 St,60,"(c), (h)",,,,
132 Ave WB between 103 - 105 St,50,"(a), (h)",,,,
17 Ave WB between 85 St - Knottwood Rd W,30,(f),,,,
Ellerslie Rd SW EB between 109 St SW-Calgary Tr,60,"(c), (h)",,,,
NB 97 St N of 73-75 Ave,30,(f),,,,
11A Ave EB between 58 - 56 St,30,(f),,,,
112 Ave WB between 76 - 78 St,50,"(b), (h)",,,,
SB 156 St between 99 - 98 Ave,50,"(c), (h)",,,,
NB 167 St btwn 80 - S of 83 Ave,30,(f),,,,
NB 175 St btwn 82 - 85 Ave,30,(f),,,,
SB 79 St between 105 - 103 Ave,50,(h),,,,
WB 105 Ave btwn 136 - 139 St,30,(f),,,,
SB 105 St between 20 - 19 Ave,30,(f),,,,
114 St SB between 39 - 37 Ave,30,(f),,,,
79 St NB between 82 - 90 Ave,50,(h),,,,
Brintnell Blvd WB between 45 - 47 St,50,"(c), (h)",,,,
Saddleback Rd SB between 27 - 25 Ave,50,(h),,,,
SB 184 St between 57 - 52 Ave,50,(h),,,,
40 St NB between 119 - 120 Ave,30,(f),,,,
EB 132 Ave btwn 137 - 135 St,30,(f),,,,
Watt Blvd SB between 11 - 13 Ave SW,50,(h),,,,
165 St NB between 93 - 95 Ave,30,(f),,,,
136 Ave WB between 131 - 134 St,30,(f),,,,
38 Ave EB between 60 - 55 St,30,(f),,,,
104 Ave EB between 152 - 151 St,30,(f),,,,
NB 182 St between 89 - 93 Ave,30,(f),,,,
EB 144 Ave Btwn 76-74 St,30,(f),,,,
Anthony Henday Dr EB at 50 St,100,(a),,,,
NB 94 St betweem 140 - 143 Ave,30,(f),,,,
144 St NB between 103 - 104 Ave,30,(f),,,,
Scona Rd SB between 95A - 94 Ave,50,(c),,,,
SB 189 St between 95 - 91 Ave,50,(h),,,,
EB 144 Ave btwn 88A -E of 87 St,30,(f),,,,
102 Ave WB between Groat Rd - 129 St,50,"(c), (h)",,,,
62 St SB between 134 - 132 Ave,30,(f),,,,
Watt Blvd NB between 13 - 11 Ave SW,50,(h),,,,
WB 37A Ave btwn 23 St - E of 28 St,30,(f),,,,
55 St SB between 118 - 113 Ave,30,(f),,,,
SB Millbourne Rd E btwn Lee Ridge Rd - 36A Ave,30,(f),,,,
Anthony Henday Dr EB at 91 St,100,"(a), (b), (c)",,,,
163 St SB between 93 - 92 Ave,50,"(b), (f), (h)",,,,
72 St NB between 149 - 149A Ave,30,(f),,,,
NB 135 St btwn 116 - Woodcroft Ave,30,(f),,,,
McQueen Rd EB between 146 - 142 St,30,(f),,,,
Wayne Gretzky Dr SB btw Ada Blvd-Capilano Bridge,80,(a),,,,
Anthony Henday Dr EB at 111 St,100,(a),,,,
Wayne Gretzky Dr SB btwn Capilano Bridge-106Ave,80,(a),,,,
WB 19A Ave btwn 56 - 61 St,30,(f),,,,
Whitemud Dr SB between Fox Dr - 53 Ave,80,"(a), (b), (c)",,,,
Brintnell Blvd EB between 47 - 45 St,50,"(c), (h)",,,,
EB Buena Vista Rd between 142 - 138 St,50,(h),,,,
140 Ave EB between 90 - 88A St,30,(f),,,,
34 St NB between 120 Ave - Abbottsfield Rd,30,(f),,,,
132 Ave EB between 123 - 121 St,50,"(b), (h)",,,,
NB 106 St btwn 40 - 42 Ave,30,(f),,,,
50 St SB between Jamha Rd - 44 Ave,60,(b),,,,
106 St SB between 48 - 45 Ave,50,(c),,,,
Jasper Ave WB between 87 - 90 St,50,(c),,,,
WB Millwoods Rd S btwn W of 54 St - E of 62 St,30,(f),,,,
SB 76 St south of 40 - 38 Ave,30,(f),,,,
Ottewell Rd between 93A - 92 Ave,40,(h),,,,
NB 79 St between 103 - 105 Ave,50,(h),,,,
EB 161A Ave between 76 - 74 St,30,(f),,,,
127 St NB between 115 - 116 Ave,30,(f),,,,
WB Whitemud Dr between North Sask River - 149 St,80,(h),,,,
WB 63 Ave Btwn 124 - 127 St,30,(f),,,,
EB Lakewood Rd N between 85 - 82 St,30,(f),,,,
EB 110 Ave Btwn 161 - 159 St,30,(f),,,,
144 Ave WB between 74 - 77 St,30,(f),,,,
EB Allan Dr SW Btwn Anderson Way SW - Allan Cres Sw,30,(f),,,,
38 Avenue EB between 44 – 41 Street,50,(h),,,,
180 Ave EB between 87 - 83 St,50,(h),,,,
Hermitage Rd WB between Homestead Cr - Henry Ave,50,"(c), (h)",,,,
WB 129 Ave Btwn 129 -131,30,(f),,,,
WB 144 Ave between 87 - 92 St,30,(f),,,,
EB 132 Ave Btwn 113A - E of 109 St,30,(f),,,,
Taylor Grn SB btn Towne Ctr Blvd-Terwillegar Comm,30,(f),,,,
SB 91 St between 88 - 86 Ave,30,(h),,,,
12 Ave WB btwn Twin Brooks Dr - Twin Brooks Cr,30,(f),,,,
WB 95 Ave between 165 - 167 St,50,"(f), (h)",,,,
EB 34 Ave between Millwoods Rd - 66 St,60,(h),,,,
SB 94 St between 143 Ave - 93 St,30,(f),,,,
NB 165 St between 95 - 97 Ave,30,(f),,,,
SB 156 St between 90 - 89 Ave,50,(h),,,,
12 Ave EB between 45 - 39 St,30,(f),,,,
Hemingway Rd EB between 204 - 201 St,30,(f),,,,
57 Ave EB between 184 - 181 St,30,(f),,,,
SB Allard Blvd SW btn  Alexander Way - Allard Blvd SW,30,(f),,,,
WB Stony Plain Rd Between 180 - 182 St,60,(c),,,,
34 St SB between 111 - 108 Ave,30,(f),,,,
Whitemud Dr. at 111 St.,80,(a),,,,
Rabbit Hill Rd SB between Cormack Cr - Leger Blvd,60,(h),,,,
85 St SB between 95 - 93 Ave,50,"(c), (h)",,,,
57 Ave WB between 113A - 113B St,30,(h),,,,
107 Ave EB between 149 - 144 St,60,"(c), (h)",,,,
128 St NB between 122 - 123 Ave,30,(f),,,,
127 Ave EB between 92 - 90 St,60,(h),,,,
EB 23 Ave between 119 St - Saddleback Rd,60,(h),,,,
SB 91 St S of 88 - 86 Ave,30,(f),,,,
Lakewood Rd S WB between 79 - 81 St,30,(f),,,,
NB Mactaggart Dr between Maynard Way - May Rd,30,(f),,,,
Rutherford Rd NB btwn 17A Ave - Rutherford Pt SW,30,(f),,,,
WB Whitemud Dr between 91 - 99 St,80,"(a), (b), (c)",,,,
111 Ave EB between 149 - 142 St,60,(b),,,,
79 St SB between 90 - 82 Ave,50,(h),,,,
SB 59A St between 162 - 159 Ave,50,(h),,,,
57 Ave WB between 174 - 175 St,30,(f),,,,
NB 165 St btwn 95 - N of 97 Ave,30,(f),,,,
132 Ave EB between 90 - 88 St,50,"(a), (f), (h)",,,,
WB 132 Ave E of 109 - 113A St,30,(f),,,,
76 Ave EB between 176 - 173 St,30,(f),,,,
SB 44 St between Jackson Rd - Kulawy Dr,50,(h),,,,
Whitemud Dr. at 111 St,80,(a),,,,
SB 102 St btwn 116 - 114 Ave,30,(f),,,,
142 St SB between 85 - 80 Ave,30,(f),,,,
Milbourne Rd W WB between 76 - 79 St,50,(h),,,,
184 St NB between 57 Ave - Callingwood Rd,50,(h),,,,
SB 135 St Btwn Woodcroft Ave - 116 Ave,30,(f),,,,
113A St NB between 55 - 56 Ave,50,(h),,,,
WB 34 Ave between 66 St - Millwoods Rd,60,(h),,,,
106 Ave EB between Fulton Dr - 65 St,50,(h),,,,
Kirkness Rd WB between 148 Ave - 31 St,30,(f),,,,
SB 159 St between 87 Ave - Whitemud Dr,60,"(c), (h)",,,,
12 Ave EB between 113 - 111 St,50,"(f), (h)",,,,
23 Ave WB west of 119 St,60,"(b), (c), (h)",,,,
Anthony Henday Dr NB north of Stony Plain Rd,100,"(a), (b), (c)",,,,
76 Ave WB between 78 - 80 St,30,(f),,,,
Anthony Henday Dr At 111 Street   EB,100,(a),,,,
NB 59A St Btwn 159 - 162 Ave,30,(f),,,,
87 St SB between 79 - 78 Ave,30,(f),,,,
WB 40 Ave btwn 57 St - E of Granlea Crescent,30,(f),,,,
Wayne Gretzky Dr NB - 106 Ave - Capilano Bridge,80,(a),,,,
54 Ave WB between 113A - 114 St,30,(f),,,,
118 Ave EB between 56 - 54 St,50,"(a), (h)",,,,
WB 150 Ave W of 89A - 94 St,30,(f),,,,
Whitemud Dr WB btwn 178 St - Anthony Henday Dr,80,(a),,,,
Hermitage Rd EB between 40 St - 127 Ave,30,(f),,,,
137 Ave WB between 82 - 87 St,60,(b),,,,
Anthony Henday Dr SB at Terwillegar Dr,100,"(a), (b)",,,,
SB 21 St Btwn 151 - 146 Ave,30,(f),,,,
SB 59 St btwn 149 Ave - 62 St,30,(f),,,,
Rutherford Rd SW SB btwn 14 - 15 Ave SW,30,(f),,,,
NB 172 St N of Callingwood Rd - 64 Ave,30,(f),,,,
107 St NB between 134 - 135A Ave,30,(f),,,,
SB 90 St Btwn 135 - 132 Ave,30,(f),,,,
NB 102 St between 114 - 116 Ave,30,(f),,,,
EB Hermitage Rd Btwn 40 St - 127 Ave,30,(f),,,,
SB 106 St between 47 - 45 Ave,30,(f),,,,
Anthony Henday Dr EB at 97 St,100,"(a), (b), (c)",,,,
EB 162 Ave 375 M W of 115 - 115 St,30,(f),,,,
176 Ave EB between 112 - 107 St,50,(h),,,,
Whitemud Dr WB at 111 St.,80,(a),,,,
EB 144 Ave btwn 74 - 69 St,30,(f),,,,
107 St NB between 109 - 110 Ave,30,(f),,,,
Anthony Henday Dr NB at Lessard Rd,100,(a),,,,
NB 21 St Btwn 146 - 151 Ave,30,(f),,,,
Calgary Tr SB south of 23 Ave,90,(a),,,,
EB 89 Ave btwn 71 - 68A St,30,(f),,,,
SB Mill Woods Rd E of 85 St - W of 38A Ave,30,(f),,,,
91 St NB between 172 - 174 Ave,30,(f),,,,
Stanton Dr EB between 74 - 70 St,50,(h),,,,
SB 182 St between 93 - 89 Ave,50,(h),,,,
WB 144 Ave Btwn 74-76 St,30,(f),,,,
51 Ave WB between 114 - 116 St,50,(h),,,,
SB 109 St btwn 164 Ave - Beaumaris Rd,30,(f),,,,
EB Castledowns Rd between 109 - 97 St,60,(h),,,,
EB 162 Ave Btwn Hollick Kenyon R - W of 54 St,30,(f),,,,
Silver Berry Road between 32 - 29 St,50,(h),,,,
Knottwood Rd E SB between 72 St - 19 Ave,30,(f),,,,
SB 163 St Btwn 104 - 103 Ave,30,(f),,,,
79 St NB between 94 - 95 Ave,30,(f),,,,
EB 111 Ave between 116 - 113 St,60,(b),,,,
101 Ave WB between 88 - 90 St,30,(f),,,,
41 Ave between 92-97 St,50,"(c), (h)",,,,
WB Cumberland Rd btwn 134 - 138 St,50,(h),,,,
Rhatigan Rd E SB btwn Riverbend Rd - Rehwinkel Rd,30,(f),,,,
SB 103 St S of 164 - W of 161 Ave,30,(f),,,,
83 St NB between Whyte Ave - 86 Ave,50,(h),,,,
EB 129 Ave W of 130 - 129 St,30,(f),,,,
Whitemud Dr. at 91 St,80,(a),,,,
66 St NB between 164 - 166 Ave,60,(c),,,,
EB Hemmingway Rd Btwn 204 - 201 St,30,(f),,,,
SB 50 St between 162 - 159 Ave,60,(h),,,,
SB 130 St N of 113 - 111 Ave,30,(f),,,,
NB 118 St N of 145 - S of 152 Ave,30,(f),,,,
Ellierslie Rd SW WB between Calgary Tr-109 St SW,60,(h),,,,
NB 62 St btwn Fulton Rd - 106 Ave,30,(f),,,,
87 Ave WB between 150 - 152 St,60,(c),,,,
149A Ave WB between 76 - 77 St,30,(f),,,,
NB 163 St Btwn 103 - 104 Ave,30,(f),,,,
50 St SB between McLeod Rd - 146 Ave,60,"(b), (c), (h)",,,,
EB 172 Ave  W of 107 - E of 104 St,30,(f),,,,
17 Ave EB between Knottwood Rd W - 85 St,30,(f),,,,
184 St NB between 62B - 66 Ave,30,(f),,,,
SB Anthony Henday Dr at Aurum Rd NE,100,"(c), (h)",,,,
SB 184 St btwn 57 Ave - N of 52 Ave,30,(f),,,,
139 Ave EB between 119 - 117 St,50,(h),,,,
SB 96 St N of 68 - 66 Ave,30,(f),,,,
EB 112 Ave btwn 55 - 53 St,50,(h),,,,
90 Ave WB between 68 - 71 St,60,(h),,,,
Whitemud Dr WB between 170 - 178 St,80,(a),,,,
EB 84 Ave between 187 - 184 St,50,(h),,,,
SB 97 St between 110 - 108 Ave,50,(h),,,,
4 Ave SW btwn 50 -52 St  WB,50,(h),,,,
WB Cumberland Rd btwn W of 134 - 139 St,30,(f),,,,
WB 132 Ave btwn 72 - W of 76 St,30,(f),,,,
100 Ave EB Anthony Henday Dr,70,"(c), (h)",,,,
90 Ave WB between 57 - 58 St,60,(h),,,,
WB 87 Ave between 119 St - Sask Dr,50,(h),,,,
Anthony Henday Dr At 87 Ave SB,100,(a),,,,
86 Ave EB between 68A - 64 St,30,(f),,,,
Saddleback Rd NB between 114 St - 23 Ave,50,(h),,,,
79 St SB between 95 - 93A Ave,50,(h),,,,
Silver Berry Rd EB between 32 - 24 St,50,(h),,,,
WB 164 Ave Btwn 84-87 St,30,(f),,,,
NB Lakewood Rd E btwn 29 Ave - 71 St,30,(f),,,,
EB Whitemud Dr between 76 - 66 St,60,(g),,,,
WB 64 Ave Btwn 172-177 St,30,(f),,,,
SB 62 St btwn 106 Ave - Fulton Rd,30,(f),,,,
91 Ave EB between 155 - 154 St,30,(f),,,,
SB 96 St N of 68 - 66 Ave,30,(f),,,,
50 St NB between 146 Ave - Matheson Way,60,"(c), (h)",,,,
SB Rabbit Hill Rd NW btn Carter Crest Rd-Leger Blv,60,(h),,,,
NB 91 St N of 172 - 175 Ave,30,(f),,,,
Blackburn Dr W EB btwn 111 St - Blackett Wynd SW,50,"(b), (c), (h)",,,,
NB 109 St btwn Beaumaris Rd - 164 Ave,30,(f),,,,
SB Wayne Gretsky Dr btwn 116 Ave - Capilano Bridge,50,(g),,,,
129 St SB between 122 - 119 Ave,50,(h),,,,
EB 98 Ave between 93 - 91 St,60,(h),,,,
Anthony Henday Dr. west of 34 St.,100,(a),,,,
SB 59A St Btwn 162-159 Ave,30,(f),,,,
162 Ave EB between 161 Ave - 115 St,30,(f),,,,
118 St SB between 103 - 102 Ave,30,(f),,,,
WB Edwards Dr SW between 85 St - Easton Rd SW,50,(h),,,,
WB 97 A Ave Btwn 185 - 189 St,30,(f),,,,
48 St NB between 17A - 18A Ave,30,(f),,,,
EB Lakewood Road N Btwn 31 Ave - 80 St,30,(f),,,,
NB 106 St Btwn 56 - 60A Ave,30,(f),,,,
86 Ave WB between 109 - 110 St,30,(f),,,,
Clareview Rd NB between 132A - 135 Ave,30,(f),,,,
107 Ave EB between 139 -136 St,60,"(c), (h)",,,,
WB 93A Ave between 58 - 68 St,30,(f),,,,
SB Jackson Rd btwn Jefferson Rd - Jamha Rd,30,(f),,,,
Yellowhead Tr EB btwn 121 - 107 St,70,"(a), (b)",,,,
EB 40 Ave between 112A - 111 St,50,"(c), (f), (h)",,,,
EB 144 Ave between 62 - 57 St,30,(f),,,,
SB Windermere Rd Btwn Whitelaw Ln-Windermere Blvd,30,(f),,,,
Anth. Henday Dr.SB South of N. Sask.River,100,(a),,,,
51 Ave WB between 123 - 124 St,30,(f),,,,
EB 40 Ave between 119 - 115A St,50,"(c), (f), (h)",,,,
NB 88 St SW btn Summerside Grande Bv-Summerside Dr,50,(h),,,,
Sherbrook Ave WB between 130A St - S. Albert Tr,50,(h),,,,
WB 144 Ave between 69 - 74 St,30,(f),,,,
SB 106 St btwn 42 - 40 Ave,30,(f),,,,
NB Saskatchewan Dr between University Ave - 87 Ave,50,(h),,,,
Anthony Henday Dr NB at Callingwood Rd (62 Ave),100,(a),,,,
SB Millwoods Rd between 28 - 23 Ave,50,(h),,,,
82 Ave EB between 91 - 87 St,50,(c),,,,
WB 104 Ave btwn 159 - 161 St,30,(f),,,,
44 St SB between Jackson Rd - Kulawy Dr N,50,(h),,,,
72 Ave EB between 188 - 187 St,30,(f),,,,
87 Ave WB between 145 - 147 St,60,(c),,,,
EB 95 Ave between 170 - 165 St,50,"(f), (h)",,,,
EB Whitemud Dr between 76 - 66 St,50,(g),,,,
Anthony Henday Dr. NB @ Yellowhead Tr.,100,"(a), (b), (c)",,,,
Anthony Henday Dr EB at Rabbit Hill Rd,100,(a),,,,
12 Ave EB between Twin Brooks Cr - 113 St,30,(f),,,,
104 Ave WB between 151 - 152 St,30,(f),,,,
100 St. NB btwn 161 - 165 Ave.,50,(h),,,,
54 St NB between 121 - 122 Ave,30,(f),,,,
WB 106 Ave between Rowland Rd - 76 St,50,(h),,,,
WB 179 Ave between 92 - 93 St,50,(h),,,,
NB 91 St between 86 -88 Ave,30,(f),,,,
144 Ave WB between 77 - 79 St,50,(h),,,,
Milbourne Rd E SB between 38 - 36A Ave,50,"(f), (h)",,,,
Whitemud Dr NB between 53 Ave - Fox Dr,80,"(a), (b)",,,,
EB 132 Ave W of 76 - 72 St,30,(f),,,,
40 St SB between 120 - 119 Ave,30,(f),,,,
41 Ave WB between 41 - 43 St,30,(f),,,,
145 Ave WB between 114A - 117 St,50,(h),,,,
EB 114 Ave between 48 - 46 St,50,(h),,,,
Groat Rd SB between Emily Murphy Park Rd - 87 Ave,60,(h),,,,
Blackburn Dr W WB btwn Blackett Wynd - 111 St SW,50,"(b), (c), (h)",,,,
EB 53 Ave btwn Riverbend Rd - Whitemud Dr,30,(f),,,,
SB 91 St Btwn 175 - N of 172 Ave,30,(f),,,,
91 St SB between 63 - 58 Ave,60,(c),,,,
WB Hermitage Rd Btwn Hunt Rd - Huffman Cres,30,(f),,,,
SB 113A St btwn 57 - 54 Ave,30,(f),,,,
WB 76 Ave btwn 105 - 106 St,30,(f),,,,
Fort Rd SB between 134 - 133 Avenue,50,"(b), (c)",,,,
122 St SB between 53 - 51 Ave,60,(c),,,,
132A Ave WB between 31 - 34 St,30,(f),,,,
38 Ave WB between 55 - 60 St,30,(f),,,,
NB 65 St btwn 104 - 106 Ave,30,(f),,,,
34 St NB between 108 - 111 Ave,30,(f),,,,
Saddleback Rd SB between 27 - 25 Ave,30,(f),,,,
EB 11A Ave btwn 60 - 56 St,30,(f),,,,
150 Ave WB between 92 - 93 St,30,(f),,,,
EB Lakewood Rd S btwn 83- 79 St,30,(f),,,,
Saddleback Rd EB between 114 - 111A St,50,(h),,,,
119 St SB between 135 - 134 Ave,30,(f),,,,
SB Mill Woods Rd S of Lakewood  Rd N - 28 Ave,30,(f),,,,
Knottwood Rd S EB between 77 - 75 St,30,(f),,,,
NB 130 St btwn 111 Ave - N of 113 Ave,30,(f),,,,
SB 97 St between 167 - 153 Ave,70,(b),,,,
Wanyandi Rd/Wolf Ridge SB-Wanyandi Wy,50,(h),,,,
SB 110 St between 110 - 109 Ave,30,(f),,,,
128 Ave EB between 46 - 45 St,30,(f),,,,
Anthony Henday Dr WB at LeClair Way,100,(a),,,,
NB 36 St between 139 - 144 Ave,50,(h),,,,
WB 89 Ave btwn 68A - 71 St,30,(f),,,,
SB 23 St Btwn 142 - N of 139 Ave,30,(f),,,,
118 St SB between 152 -145 Ave,30,(f),,,,
12 Ave WB between 39 - 45 St,30,(f),,,,
Sherbrooke Ave EB between St. Albert Tr - 130A St,50,(h),,,,
WB Fairway Dr btwn 119 - 121 St,30,(f),,,,
189 St SB between Callingwood Rd - 59 Ave,50,(h),,,,
EB 132 Ave btwn 88 - 86 St,30,(f),,,,
136 Ave EB between 134 - 131 St,30,(f),,,,
154 St SB between 106 - 105 Ave,30,(f),,,,
110 Ave EB between 160A - 159 St,30,(f),,,,
156 St SB between 109 - 108 Ave,50,"(a), (b)",,,,
93 Ave WB between 179 - 180 St,30,(f),,,,
EB 87 Ave between 120 - 117 St,50,(b),,,,
21 St NB between 147 - 151 Ave,30,(f),,,,
NB 182 St N of 84 -87 Ave,30,(f),,,,
Bulyea Rd SB between Buchanan Rd - Burgess Close,50,(h),,,,
WB Blackmud Crk Dr SW btn Baker Close-James Mowatt Tr,30,(f),,,,
WB Kirkness Rd Btwn 151 Ave - 31 St,30,(f),,,,
EB 130 Ave Btwn 78 - W of 75 St,30,(f),,,,
EB 51 Ave Btwn 124 - 123 St,30,(f),,,,
WB Whitemud Dr between 50 - 75 St,60,(g),,,,
144 Ave EB between 74 – 72 St,50,"(b), (f), (h)",,,,
WB Dunluce Rd between 120 St - Warwick Rd,50,(h),,,,
WB 62 Ave between 205 St - Getty Gate,60,(h),,,,
SB 36 St between 144 - 139 Ave,50,(h),,,,
EB 111 Ave between 113 - 110 St,60,(b),,,,
NB 106 St btwn 63 - 66 Ave,30,(f),,,,
EB 84 Ave between 187 - 184 St,50,(h),,,,
NB 72 St Btwn 144 - 149 A Ave,30,(f),,,,
SB 88 St SW between 14 - 19 Ave SW,50,(h),,,,
144 Ave EB between 57 - 54 St,50,"(f), (h)",,,,
SB 80 St btwn Millwoods Rd S - 14 Ave,30,(f),,,,
112 Ave EB between 78 - 76 St,50,"(b), (h)",,,,
Hemingway Rd WB between 201 - 204 St,30,(f),,,,
EB 179 Ave between 93 - 92 St,50,(h),,,,
118 Ave WB between 85 - 87 St,50,(h),,,,
NB 105 St between 19 - 20 Ave,50,(h),,,,
Univ. Ave. Between Sask. Dr. - 115A St.,50,(h),,,,
21 St SB between 151 - 147 Ave,30,(f),,,,
SB 175 St Btwn 85 - 82 Ave,30,(f),,,,
EB Ellerslie Rd SW btwn 91 St - Summerside Dr SW,60,"(b), (c)",,,,
92 Ave WB between 156 - 163 St,30,(f),,,,
EB 122 Ave between Dovercourt Cr - 134 St,30,(f),,,,
WB 40 Ave between 111 - 112A St,50,"(c), (f), (h)",,,,
75 St NB between 92A - 94B Ave,60,(b),,,,
SB Millwoods Rd E Btwn 18 - 17 Ave,30,(f),,,,
82 Ave EB between 98 - 97 St,50,(h),,,,
23 Ave EB between Magrath Rd - 119 St,60,"(b), (c), (h)",,,,
NB 106 St Btwn 31 - 32A Ave,30,(f),,,,
SB Sask Dr between 87 - University Ave,50,"(c), (h)",,,,
Savaryn Dr SW WB between 89 - 88 St SW,50,(h),,,,
AHD NB – south of N Sask River,100,(a),,,,
WB 111 Ave between 116 - 119 St,60,(b),,,,
WB 132 Ave between 109 - 113A St,30,(f),,,,
WB 140 Ave Btwn 88 A - 93 St,30,(f),,,,
12 Ave WB between 112 - 113 St,50,"(f), (h)",,,,
SB St Albert Tr between 134 - 132 Ave,60,"(a), (c)",,,,
EB 95 Ave Btwn 90 - 87 St,30,(f),,,,
EB 139 Ave btwn 34 - 30 St,30,(f),,,,
SB Millwoods Rd between Lakewood Rd N - 28 Ave,50,(h),,,,
Gateway Blvd NB at Anthony Henday Dr,90,(a),,,,
104 St Between Univ. Ave. - 73 Ave.,50,"(f), (h)",,,,
EB 93A Ave between 68 - 58 St,30,(f),,,,
NB Millwoods Rd between 28 Ave - Lakewood Rd N,50,(h),,,,
92 Ave EB between 163 - 156 St,30,(f),,,,
EB Fairway Dr btwn 121 - 119 St,30,(f),,,,
SB Capilano St Btwn 65 - 59 St,30,(f),,,,
EB 179 Ave between 93 - 92 St,50,"(c), (h)",,,,
143 St NB between 91 - 92 Ave,30,(f),,,,
EB Summerside Dr SW btwn Summerside Cove-88 St SW,50,(h),,,,
SB 91 St between 175 - 172 Ave,50,(h),,,,
WB 122 Ave between St Albert Tr - Dovercourt Cr,30,(f),,,,
118 Ave WB between 60 - 62 St,50,"(a), (h)",,,,
Whitemud Dr EB east of 106 St,80,(a),,,,
WB 149 A Ave Btwn 76-79 St,30,(f),,,,
152 St NB between 95 - 96 Ave,30,(f),,,,
Yellowhead Tr EB @ AHD,100,"(a), (b), (c)",,,,
162 Ave WB between 54A - 54B St,30,(f),,,,
176 Ave EB between 104 - 99 St,50,(h),,,,
131 Ave WB between 117 - 119 St,30,(f),,,,
NB 180 St Btwn Willow CT - S of 73 Ave,30,(f),,,,
84 Ave WB between 154 - 156 St,30,(f),,,,
NB 95 St N of 171 - 174 Ave,30,(f),,,,
109 St SB between 110 - 108 Ave,50,"(a), (b), (f), (h)",,,,
170 St SB between 117 - 114 Ave,60,"(b), (h)",,,,
NB Jackson Rd btwn Jordan Cres - Jefferson Rd,30,(f),,,,
EB 57 Ave btwn 175 St - W Entrance of Lessard Dr,30,(f),,,,
WB 23 Ave between Saddleback Rd - 119 St,60,(h),,,,
59A St SB between 159A - 159 Ave,30,(f),,,,
NB 106 St btwn 36A - 40 Ave,30,(f),,,,
EB 19A Ave btwn 61 - 56 St,30,(f),,,,
NB 79 St Btwn 94 - 95 Ave,30,(f),,,,
72 Ave WB between 187 - 188 St,30,(f),,,,
Anthony Henday Dr WB at LeClair Way,100,(a),,,,
132 Ave WB between 68 - 72 St,50,"(a), (h)",,,,
176 Ave EB between 112 - 107 St,50,(h),,,,
WB 95 Ave between 158 - 160 St,50,(c),,,,
76 Ave WB between 154 - 155 St,30,(f),,,,
EB 164 Ave Btwn 87-84 St,30,(f),,,,
118 St NB between 145 - 152 Ave,30,(f),,,,
EB 43 Ave btwn 114 - 111 St,30,(f),,,,
119 Ave WB between 63 - 64 St,30,(f),,,,
Haddow Dr SB between Haliburton Rd - Hector Rd,50,(h),,,,
EB 144 Ave between 92 - 87 St,30,(f),,,,
NB Millbourne Rd E btwn 36A Ave - Lee Ridge Rd,30,(f),,,,
WB 107 Ave between 110 - 113 St,50,(h),,,,
WB McQueen Rd Btwn 142 - W of 146 St,30,(f),,,,
95 Ave EB between 89 - 87 St,30,(f),,,,
Yellowhead Tr WB at 7710 Yellowhead Tr,70,"(b), (c)",,,,
119 Ave EB between 64 - 63 St,30,(f),,,,
NB 79 St between 98A - 101 Ave,50,(h),,,,
EB 149 A Ave Btwn 78 - W of 75A St,30,(f),,,,
SB 88A St btwn 144 - 150 Ave,30,(f),,,,
WB 114 Ave Btwn 36 - 38 St,30,(f),,,,
42 Ave EB between 107 - 106 St,30,(f),,,,
144 Ave WB between 69 - 72 St,50,"(f), (h)",,,,
Anthony Henday Dr NB at Terwillegar Dr,100,(a),,,,
85 St NB between 93 - 95 Ave,50,(h),,,,
51 Ave EB between 116 - 114 St,50,(h),,,,
Anthony Henday Dr EB at 184 St,100,(a),,,,
Millwoods Rd E NB between 36 - 38 Ave,30,(f),,,,
NB 156 St between 89 - 90 Ave,50,(h),,,,
Griesbach Rd WB btwn Griesbach School Rd-103 St,30,(f),,,,
76 Ave EB between 155 - 154 St,30,(f),,,,
97A Ave EB between 189 -185 St,30,(f),,,,
SB 104 St Btwn University Ave - 73 Ave,50,"(c), (f)",,,,
WB 144 Ave btwn 69 - 74 St,30,(f),,,,
107 St SB between 135A - 134 Ave,30,(f),,,,
WB McConachie Dr Btwn 58 St - McConachie Way,30,(f),,,,
NB 105 St between 19 - 20 Ave,30,(f),,,,
WB Whitemud Dr between 50 - 75 St,50,(g),,,,
Gateway Blvd NB between 68 - 71 Ave,60,(h),,,,
NB Bellamy Hill between 103 St - MacDonald Dr,50,(h),,,,
Ottewell Rd between 96A - 95 Ave,40,(h),,,,
NB Wayne Gretsky Dr btwn 106 - 112 Ave,50,(g),,,,
SB Millwoods Rd E between 18 - 17 Ave,30,(f),,,,
46 St NB between 105A - 106 Ave,30,(f),,,,
75 St SB between 95 - 94 Ave,60,(b),,,,
WB 106 Ave between 74 - 76 St,50,(h),,,,
EB McQueen Rd - W of 146 - 142 St,30,(f),,,,
90 Ave EB between 71 - 68 St,60,(h),,,,
Bulyea Rd NB between Burley Dr - Burton Rd,50,(h),,,,
WB 132 Ave between Fort Rd - 66 St,50,"(a), (h)",,,,
NB 88A St btwn 150 - 144 Ave,30,(f),,,,
EB 121 Ave btwn 48 St - W of 45 St,30,(f),,,,
SB Meadowlark Rd between 90 - 88A Ave,50,(h),,,,
132 Ave EB between Delwood Rd - 79 St,50,"(a), (h)",,,,
SB 115 St btwn 48 - 46 Ave,30,(f),,,,
78 Ave WB between 162 St - Patricia Dr,30,(f),,,,
EB 102 Ave btwn 138-136 St,50,(h),,,,
121 St SB btwn Yellowhead Tr - Kingsway Ave,60,(c),,,,
WB 144 Ave E of  87 - 88A St,30,(f),,,,
64 Ave WB between 172 - 177 St,30,(f),,,,
SB 65 St btwn 106 - 104 Ave,30,(f),,,,
144 St SB between 104 - 103 Ave,30,(f),,,,
WB 132 Ave btwn 135 - 137 St,30,(f),,,,
WB 172 Ave  E of 104 St -  W of 107 St,30,(f),,,,
WB 144 Ave btwn 88A - E of 92 St,30,(f),,,,
WB Ellerslie Rd SW between 85 - 91 St SW,60,"(c), (h)",,,,
170 St SB between 118 - 114 Ave,60,"(b), (c), (h)",,,,
106 St NB between 35 -36A Ave,50,"(f), (h)",,,,
SB 139 St Btwn 116 - 115 Ave,30,(f),,,,
112 Ave EB between 81 - 79 St,50,"(b), (h)",,,,
152 St SB between 96 - 95 Ave,30,(f),,,,
Millwoods Rd S EB btwn Knottwood Rd E - 69 St,50,(h),,,,
SB 106 St btwn 42 - 40 Ave,30,(f),,,,
NB 97 St between 112 - 114 Ave,50,(b),,,,
107 Ave EB between 124 - 122 St,50,(h),,,,
NB 59 St btwn 62 St - McLeod Rd,30,(f),,,,
NB 97 St between 108 - 110 Ave,50,(h),,,,
Anthony Henday Drive East of 50 Street,100,(a),,,,
EB Hermitage Rd Btwn Huffman Cres - Hunt Rd,30,(f),,,,
Brintnell Blvd SB btwn 158 - 157A Ave,50,"(c), (h)",,,,
EB 107 Ave between 113 - 110 St,50,(h),,,,
176 Ave EB between 100 - 97 St,50,(h),,,,
SB 79 St Btwn 95 - 94 Ave,30,(f),,,,
NB 105 St Btwn 19-20 Ave,30,(f),,,,
EB Stony Plain Rd between 132 St - Connaught Dr,50,(h),,,,
86 Ave WB between 64 - 68A St,30,(f),,,,
NB Mill Woods Rd W of  38 Ave - E of Millbourne Rd W,30,(f),,,,
WB Whitemud Dr between 50 - 75 St,60,(g),,,,
WB 76 Ave Btwn 172 - 177 St,30,(f),,,,
NB Millwoods Rd E Btwn 17 -18 Ave,30,(f),,,,
NB Allard Blvd SW btn  Allard Blvd - Alexander Way SW,30,(f),,,,
Anthony Henday Dr WB at 66 St,100,(a),,,,
Anthony Henday Dr EB at LeClair Way,100,(a),,,,
87 Ave EB between 147 - 145 St,60,(c),,,,
EB 107 Ave between 34 St - 107A Ave,30,(f),,,,
Knottwood Rd E NB between 17 - 19 Ave,30,(f),,,,
NB Parsons Rd SW btwn Ellwood Dr SW-Anth Hend Dr,60,(h),,,,
66 St SB between 166 - 164 Ave,60,(c),,,,
95 Ave WB between 87 - 89 St,30,(f),,,,
SB 79 St between 101 - 98A Ave,50,(h),,,,
"Groat Rd NB, Victoria Pk Rd-S of 107 Ave",50,"(c), (h)",,,,
Anthony Henday Dr. SB @ Yellowhead Tr.,100,"(a), (b), (c)",,,,
Savaryn Dr SW EB between 89B - 88 St SW,50,(h),,,,
SB 182 St Btwn 93 - N of 89 Ave,30,(f),,,,
Mill Woods Rd East SB between 36 - 34 Ave,50,"(f), (h)",,,,
Hemingway Rd SB between 59 Ave - Hardy Point,30,(f),,,,
NB 113A St btwn 54 - 56 Ave,30,(f),,,,
142 St SB between 96 - 95 Ave,60,(h),,,,
95 Ave WB between 80 St - Holyrood Rd,50,(h),,,,
66 St SB between 161 - 159 Ave,60,(c),,,,
91 St NB between Anthony Henday Dr - 23 Ave,70,"(b), (c)",,,,
EB 76 Ave Btwn 177 - 172 St,30,(f),,,,
EB Whitemud Dr between 76 - 66 St,50,(g),,,,
Silverberry Rd. btwn 29 - 24 St.,50,(h),,,,
39 Ave WB between 93 - 97 St,50,"(b), (c)",,,,
NB 81 St between 86 - 89 Ave,30,(f),,,,
WB Hermitage Rd Btwn 127 Ave - 40 St,30,(f),,,,
SB 105 St Btwn 20-19 Ave,30,(f),,,,
106 St SB between 38 - 36A Ave,50,"(f), (h)",,,,
NB 91 St Btwn 86 Ave - S of 88 Ave,30,(f),,,,
66 St NB north of 167 Ave,60,(c),,,,
Anthony Henday Dr NB north of North Sask River,100,(a),,,,
NB Bulyea Rd between Burley Dr - Burton Rd,30,(f),,,,
101 Ave EB between 90 - 88 St,30,(f),,,,
SB Groat Rd btwn 107 Ave - Victoria Park Rd,50,(c),,,,
EB 40 Ave Btwn 119 - 115 A St,30,(f),,,,
Gateway Blvd NB – north of 63 Ave,60,(c),,,,
EB Kingsway Ave btwn Tower Rd - Princess Eliz Ave,60,(b),,,,
144 Ave WB between 72 - 74 St,50,"(f), (h)",,,,
11A Ave WB between 56 - 58 St,30,(f),,,,
116 Ave WB between 133 - 135 St,40,"(f), (h)",,,,
36 Ave WB between Millwoods Rd - 78 St,30,(f),,,,
SB 66 St between Delwood Rd - 132 Ave,50,(h),,,,
Brintnell Blvd NB between 47 St - 157A Ave,50,"(c), (h)",,,,
SB 72 St Btwn 149 A - 144 Ave,30,(f),,,,
113A St NB between 134 - 136 Ave,50,(h),,,,
WB 76 Ave Btwn 154 - 156 St,30,(f),,,,
172 St NB between Callingwood Rd - 63 Ave,30,(f),,,,
EB 150 Ave Btwn 94 St - W of 89A St,30,(f),,,,
87 St NB between 78 - 79 Ave,30,(f),,,,
EB 64 Ave Btwn 177-172 St,30,(f),,,,
94B Ave EB  btwn 68A - 61 St,40,(h),,,,
107 St SB between 110 - 109 Ave,30,(f),,,,
WB 102 Ave between 135 - 136 St,50,(h),,,,
97 St. btwn 144 - 153 Ave.,70,(b),,,,
80 Ave EB between 98 - 97 St,30,(f),,,,
134 Ave WB between 132A - 134 St,30,(f),,,,
NB 145 St btwn 88 - 89A Ave,30,(f),,,,
105 St NB between Rossdale Rd - 97 Ave,50,(h),,,,
WB 98 Ave between 91 - 93 St,60,(h),,,,
127 Ave EB between 126 - 123 St,50,(c),,,,
SB Woodvale Rd btwn 35 Ave - 58 St,30,(f),,,,
SB 106 St Btwn 32A - 31 Ave,30,(f),,,,
NB 110 St between 109 - 110 Ave,30,(f),,,,
Millwoods Rd S WB between 54 - 62 St,30,(f),,,,
NB 117 St between 142 - 144 Ave,30,(f),,,,
142 St NB btwn 104A-105 Ave,50,"(a), (h)",,,,
SB 127 St between 137 - 135 Ave,50,(b),,,,
180 Ave WB between 83 - 87 St,50,(h),,,,
Saddleback Rd NB between 25 - 27 Ave,50,"(f), (h)",,,,
144 Ave between 79-77 St,50,(h),,,,
Yellowhead Tr WB between 68 St - Fort Rd,70,(b),,,,
WB Allan Dr SW Btwn Allan Cres SW - Anderson Way SW,30,(f),,,,
EB 132 Ave between 66 St - Fort Rd,50,"(a), (h)",,,,
132 Ave EB between 72 - 69 St,30,(f),,,,
Fort Rd SB between  122 - 121 Ave,50,"(c), (h)",,,,
158 St SB between 83 - 79A Ave,30,(f),,,,
WB Allan Dr SW between Allan Cresc - Austin Way SW,30,(h),,,,
39 Ave EB between 97 - 93 St,50,"(b), (c)",,,,
139 St NB between 109 - 109A Ave,30,(f),,,,
NB 127 St Btwn 115 - N of 116 ave,30,(f),,,,
SB 117 St between 144 - 142 Ave,30,(f),,,,
EB 37A Ave E of 28 - 23 St,30,(f),,,,
156 St SB between 94 - 92 Ave,50,"(b), (c)",,,,
WB 161A Ave btwn 74 - 76 St,30,(f),,,,
NB Windermere Rd Btwn Windermere Blvd-Whitelaw Ln,30,(f),,,,
Anthony Henday Dr EB at Whitemud Creek,100,"(a), (b), (c)",,,,
EB 91 Ave Btwn 145 - 143 St,30,(f),,,,
WB Jasper Ave Btwn 87-90 St,50,(c),,,,
EB 121 Ave between 54 - 52 St,50,(h),,,,
97A Ave  WB between 185 - 189 St,30,(f),,,,
Anthony Henday Dr At St Albert Tr  WB,100,(a),,,,
SB Riverbend Rd btwn 56 - 53  Ave,30,(f),,,,
131 St NB between 122A - 122B Ave,30,(f),,,,
176 Ave WB between 104 - 110 St,50,(h),,,,
SB Lewis Estates Bvd btn Suder Grn-Breckenridge Dr,60,(h),,,,
EB 40 Ave between 111 - 107 St,50,"(a), (f), (h)",,,,
Towne Ctre Blvd NB btwn Taylor Green-Taylor Cove,50,(h),,,,
WB 111 Ave between 113 - 116 St,60,(b),,,,
NB 54 St Btwn 121 - 122 Ave,30,(f),,,,
142 Ave EB between 127 - 122 St,50,(h),,,,
Anthony Henday Dr WB at 97 St,100,"(a), (b), (c)",,,,
EB Beaumaris Rd Btwn 109 St - W of 161 Ave,30,(f),,,,
SB 106 St btwn 66 - 63 Ave,30,(f),,,,
EB 92 Ave E of 163 - 160 St,30,(f),,,,
